,no_of_dependents,income_annum,loan_amount,loan_term,cibil_score,residential_assets_value,commercial_assets_value,luxury_assets_value,bank_asset_value
no_of_dependents,1.0,0.007266337418034065,-0.0033658043426543,-0.02011056778205394,-0.009998469677432321,0.007375567401220776,-0.0015313425506312379,0.002816552031074442,0.011163372385311697
income_annum,0.007266337418034065,1.0,0.9274699109871475,0.011488298551247824,-0.023034421699860187,0.636841465638472,0.6403276980353092,0.9291454207522616,0.851093127940453
loan_amount,-0.0033658043426543,0.9274699109871475,1.0,0.008437257207995331,-0.017034787023534396,0.5945957096943747,0.6031880881949118,0.860914032893505,0.788121706768322
loan_term,-0.02011056778205394,0.011488298551247824,0.008437257207995331,1.0,0.007809878429871024,0.008015642702533531,-0.005477660484558487,0.01249013621406212,0.01717742163338611
cibil_score,-0.009998469677432321,-0.023034421699860187,-0.017034787023534396,0.007809878429871024,1.0,-0.019946757051831965,-0.0037693455213522018,-0.02861762794612002,-0.015478271340156316
residential_assets_value,0.007375567401220776,0.636841465638472,0.5945957096943747,0.008015642702533531,-0.019946757051831965,1.0,0.4147860265754977,0.5909324250706588,0.5274175554536689
commercial_assets_value,-0.0015313425506312379,0.6403276980353092,0.6031880881949118,-0.005477660484558487,-0.0037693455213522018,0.4147860265754977,1.0,0.5911275002649014,0.548575592672538
luxury_assets_value,0.002816552031074442,0.9291454207522616,0.860914032893505,0.01249013621406212,-0.02861762794612002,0.5909324250706588,0.5911275002649014,1.0,0.7885169099019488
bank_asset_value,0.011163372385311697,0.851093127940453,0.788121706768322,0.01717742163338611,-0.015478271340156316,0.5274175554536689,0.548575592672538,0.7885169099019488,1.0
