model,cv_score_mean,cv_score_std,fit_seconds,mae,mse,rmse,r2,cv_rmse_mean,cv_rmse_std
Linear Regression,-4.829493065236915,0.5748173650240483,0.02,3.1890919658878474,24.291119474973502,4.928602182665335,0.6687594935356322,4.829493065236915,0.5748173650240483
Polynomial Regression (degree 2),-4.053040326852018,0.4873954046785341,1.29,2.4038046426899746,13.471790040492674,3.6703937173677534,0.8162948990229983,4.053040326852018,0.4873954046785341
Ridge,-4.828889026062198,0.5753545036368505,0.06,3.1857238072445964,24.31290383049161,4.930811680696355,0.6684624359643558,4.828889026062198,0.5753545036368505
Lasso,-5.41036417741805,0.42159728282258857,0.06,3.473770443541663,27.57769177613475,5.2514466365121475,0.6239428734251422,5.41036417741805,0.42159728282258857
Elastic Net,-5.498868065207072,0.42985766441244444,0.06,3.4310018130449818,28.35864812225597,5.325283853679161,0.613293534028402,5.498868065207072,0.42985766441244444
Decision Tree Regressor,-5.364492449591994,0.7307767423497944,0.08,2.52843137254902,11.142843137254903,3.33808974373891,0.8480530710805643,5.364492449591994,0.7307767423497944
Random Forest Regressor,-3.8242923433354945,0.5470517006458994,1.13,2.0649333333333315,8.805952376470584,2.96748249809002,0.8799195678038465,3.8242923433354945,0.5470517006458994
SVR,-5.677228165048108,0.5127569670618698,0.05,2.7317161761558393,25.668539678396044,5.0664129005042655,0.6499766059760035,5.677228165048108,0.5127569670618698
Gradient Boosting,-3.5257393878809054,0.6612202170468319,0.53,1.9206810896579116,6.240173122766323,2.4980338514052054,0.914907252103386,3.5257393878809054,0.6612202170468319
AdaBoost,-4.265887632794374,0.509418476091671,0.28,2.4882910211875826,11.869095802834794,3.445155410548963,0.8381496863882438,4.265887632794374,0.509418476091671
KNN Regressor,-4.779372643908276,0.6503907617785529,0.02,2.5921568627450977,20.60552941176471,4.539331383779412,0.7190172315709293,4.779372643908276,0.6503907617785529
Extra Trees,-3.419137001501748,0.4234931042669324,0.7,1.9475294117647062,9.557281098039235,3.091485257613116,0.8696742389909842,3.419137001501748,0.4234931042669324
Hist Gradient Boosting,-3.6782580248713708,0.5485722708425916,2.19,2.16007605565431,10.13170226611995,3.18303350062797,0.8618412711100704,3.6782580248713708,0.5485722708425916
XGBoost,-3.6379961333616935,0.6930321085836542,0.95,1.9184244782316917,7.215472523524989,2.6861631602575797,0.901607796399233,3.6379961333616935,0.6930321085836542
LightGBM,-3.7264136116175557,0.511790000935051,1.55,1.9345555876729783,7.96330118016864,2.821932171433013,0.891410195451676,3.7264136116175557,0.511790000935051
CatBoost,-3.328490816021559,0.33593729725582355,0.79,1.8770104484534584,8.18612764532215,2.8611409691453775,0.8883716713833573,3.328490816021559,0.33593729725582355
