feature,importance_mean,importance_std
time,0.1730556179159121,0.046622818805065434
ejection_fraction,0.05627585286014185,0.00868872040318235
serum_creatinine,0.018227171963186656,0.02307538053845019
age,0.011045601466693075,0.012377204138072
anaemia,0.00938456778060065,0.007269254945124204
creatinine_phosphokinase,0.006233025054630775,0.0069712752388243916
sex,0.00563074066836039,0.007269254945124204
high_blood_pressure,0.0,0.0
serum_sodium,0.0,0.0
smoking,0.0,0.0
diabetes,-0.009579180509413088,0.009579180509413088
platelets,-0.025700781697821598,0.015607242700909364
