model,cv_score_mean,cv_score_std,fit_seconds,accuracy,precision_weighted,recall_weighted,f1_weighted,confusion_matrix,roc_auc
Logistic Regression,0.798162947700899,0.04793414237840516,0.05,0.8,0.7940740740740739,0.8,0.7928864569083448,"[[37, 4], [8, 11]]",0.8549422336328627
KNN,0.7191392719852936,0.06655448876972495,0.03,0.7,0.6708894878706199,0.7,0.6499181669394435,"[[38, 3], [15, 4]]",0.8003851091142491
Decision Tree,0.7874662869222467,0.02954920099338287,0.03,0.7666666666666667,0.7742368742368743,0.7666666666666667,0.7695833333333333,"[[33, 8], [6, 13]]",0.7445442875481386
Random Forest,0.852559018536313,0.04781418743980991,1.11,0.8333333333333334,0.8349699945444626,0.8333333333333334,0.8233901515151516,"[[39, 2], [8, 11]]",0.9088575096277278
SVM,0.8046373536581441,0.05026665125104366,0.05,0.7166666666666667,0.7128306878306879,0.7166666666666667,0.7145446651470747,"[[33, 8], [9, 10]]",0.8562259306803595
Naive Bayes,0.7272047277115337,0.02883496494495372,0.03,0.7,0.6747680890538033,0.7,0.6733333333333335,"[[36, 5], [13, 6]]",0.8292682926829268
Gradient Boosting,0.8476256961306131,0.04199274857719402,0.32,0.8333333333333334,0.8303703703703704,0.8333333333333334,0.827405380756954,"[[38, 3], [7, 12]]",0.8446726572528882
AdaBoost,0.8029574993905776,0.05878607406619511,0.24,0.8333333333333334,0.830141358869129,0.8333333333333334,0.8306878306878307,"[[37, 4], [6, 13]]",0.8735558408215661
Extra Trees,0.8125604879271581,0.027602218248534607,0.79,0.75,0.741,0.75,0.7235695339143615,"[[38, 3], [12, 7]]",0.8613607188703465
Hist Gradient Boosting,0.8381495917558814,0.05356881563631099,1.15,0.8333333333333334,0.8349699945444626,0.8333333333333334,0.8233901515151516,"[[39, 2], [8, 11]]",0.8485237483953787
XGBoost,0.8298394770083263,0.03511037992215267,0.81,0.8166666666666667,0.8190972222222223,0.8166666666666667,0.8031774797631993,"[[39, 2], [9, 10]]",0.8318356867779204
LightGBM,0.840196914826983,0.0574433986373249,0.83,0.7666666666666667,0.7571740316421168,0.7666666666666667,0.7527462121212121,"[[37, 4], [10, 9]]",0.821566110397946
CatBoost,0.852572426267973,0.057822367099264485,0.79,0.8,0.8029684601113173,0.8,0.7822222222222222,"[[39, 2], [10, 9]]",0.8908857509627728
